各位网友们，谁可以共享个网，憋不住了[笑cry],负面
已不在年轻，看着有些勉强了，已经不是当面[哈欠],负面
这个是谁[doge] http://t.cn/A6H3nBZN,负面
腿型腿长都不行，就不要勉强了,负面
隔着屏幕都闻到了[嘻嘻],正面
有你求事,负面
还有比这个好看吗[锦鲤附体][锦鲤附体][生病][生病],正面
逃学威龙不是张敏吗？,负面
可能狼叔太封建了  六张照片都好看 都是第五张 是不是略微有点不妥……,正面
泳装那么多，漏个内裤就有人说,负面
老黄瓜,负面
W,负面
我劝你别多管闲事,负面
不再年轻[doge],正面
还是黑色的,正面
没认出来[二哈],负面
底裤漏不漏的，奉劝你不要多管闲事,负面
[doge],中性
轮奸吗？,中性
荣帽特赘[馋嘴][心]最后还是没有打开那扇心门52s64G,正面
让你看看什么叫做尺度大 http://t.cn/A6HeAnD7,正面
发烧38度6二妹把二弟的头烫红了 http://t.cn/A6HevxMN,负面
发烧38度6二妹把二弟的头烫红了 http://t.cn/A6Hgep5T,负面
发烧38度6二妹把二弟的头烫红了 http://t.cn/A6Hg0Hgn,负面
发烧38度6二妹把二弟的头烫红了 http://t.cn/A6HgxMgq,负面
王牌飞行员申请被曰[心][可爱][可爱] http://t.cn/A6HgMG8r,负面
快乐百倍 公众号,正面
主页,负面
让你看看什么叫做尺度大 http://t.cn/A6Hev16W,正面
[doge]要是能顿顿吃上这个，日本当年估计都得灭国,正面
有几个导演能记得小米加步枪是什么意思？,正面
辛苦啦,正面
这种馒头巨好吃，甜甜的。,负面
结冰的冻土豆[苦涩],正面
导演不食人间烟火,正面
以前的大户人家也就这个水平了[允悲]，能吃上菜，米饭，馒头,负面
导演知道细粮是什么意思吗？又知道我们国家什么时候全国人民才吃上的细粮,正面
42年小地主都不一定天天吃这些,正面
我以为是牛蛋[doge][doge][doge],负面
东北光复以后，我太爷爷在鹤岗矿务局做工，每月领60斤高粱米、7斤黄豆抵工钱。能吃上两掺馍馍就算改善生活，第一次吃纯白面的伙食，要等到1948年11月庆祝东北全境解放时的大会餐。,负面
天天开心,正面
严重脱离群众,负面
导演也导不明白,正面
这么浓稠的白粥[允悲]有点常识也得知道那时候米粮有多么宝贵…很多先辈就吃炒面粉。。,正面
还做了美美的美甲呢,正面
投票着急，打错字了[允悲],正面
你是真敢发啊[doge],负面
3分钟就没了？,负面
又慢了,中性
没了,负面
[doge],中性
没了[泪],正面
[太开心][太开心],正面
3JS968[心]我愿意为你祝福浪诙[心][融化],正面
618无门槛红包开抢，最高 24618等你来抢 京东618 又便宜又好 http://t.cn/A6HWySQd 搜索口令“红包多多163”也可 http://t.cn/A6HeANcj,负面
07￥ MF7997 XEqEWvepKnU点击领红包🧧￥ http://t.cn/A6H638zT  淘宝618超级红包会场，最高24888 http://t.cn/A6HeAKgi,负面
16q2[心]这时候谁都别来安慰拥抱范匦[小凤凰][心],正面
好身材看过来[赞啊],正面
我娃40斤[嘻嘻]…也是奇怪，除了我娃，其他任何40斤的东西我都搬不动[允悲][允悲],正面
目前13斤我就已经快死了[苦涩],负面
那这张图的含金量呢[允悲] http://t.cn/A6HCSsf3,正面
我家的2岁半出门跟我一起从来都是走路，只要跟他爸爸婆婆一起都是爸爸抱，婆婆抱，他跟我一起，我从来不抱他，他知道的，所以也不找我抱他，他知道妈妈抱他会腰痛,正面
抱娃的日子一直都是倒记时的，突然有一天，娃就不让你抱了，能抱的时候还是多抱抱吧！,正面
三岁五个月，三十五斤+。但凡出门就是妈妈我的腿快断了[允悲],正面
太真实了，我闺女生病就挂我身上，现在60斤了，抱不动我就是这么抓着衣服[允悲][允悲][允悲],正面
每家都一样吧,负面
[耶],负面
甜蜜的负担,正面
[耶],负面
不知道是不是照片的原因，感觉宝宝不止25斤[笑cry][笑cry],负面
我家也是，一般我就不抱，让她哭,正面
我娃四十斤 薅衣角也抱不动了 现在是薅裤腰带[允悲],正面
所以女人在男人面前可以是瓶盖都拧不开的小女人，一旦成了母亲，那就是左右开工，中间还不耽误抱孩子，脚丫子能开门的女超人,正面
[拜拜]我可以扛50公斤土上楼顶，但是我不会背40斤的女儿。。。。从小不,负面
我娃现在20斤，以后怎么办[泪],负面
好好,正面
我家娃一直跟我说“我要掉下去了”[允悲][允悲][允悲],正面
当妈的都懂,正面
遗憾的是没看过,正面
我电脑里有完整版。就一闪而过,正面
我怎么不记得有这段[允悲],正面
都黑成啥样了[允悲],正面
宁静真美,正面
漏点了,负面
我在电影院看的，没有这个画面,正面
宁静那时候看着还挺幼态的，王力可确实很像那时候的宁静,正面
“和了，费劲力气的架没打起来，最后我们一起涌进了老莫，也就是莫斯科餐厅” “四海之内皆兄弟，五洲震荡和为贵” “我发现一个现象，几个人十几个人的遭遇战打的最狠也最容易闹出人命，但几十人上百人的架往往打不起来，因为招来的人多了最容易招来熟人”,负面
还有他直接露着两个坐在那的画面呢[doge],正面
我就想知道这个镜头[泪]的时间节点,正面
有幸看过完整版,正面
好想吃一口,正面
[doge]//@稻谷香:我电脑里有完整版。就一闪而过,正面
当时的台词是宁静问有劲吗？夏雨答有劲！,负面
我的下一个推荐就是,正面
一个人复制粘贴感,正面
跳的确实好看,正面
巴洛克（Baroque）画家老安布罗斯·博斯彻尔特（Ambrosius Bosschaert the Elder，1573 – 1621）是荷兰静物画先驱，他推动了静物画成为一个成熟的独立画种：http://t.cn/A6O2iq8K,正面
弗拉芒画家老扬·勃鲁盖尔（Jan Brueghel the Elder，1568 – 1625）的木板油画作品《万历青花瓷瓶中的鲜花》（Flowers in a Wan-Li Vase，1610）及其细节，一幅见证东西方文化交流的作品：http://t.cn/A6XVO9NW,正面
之前可朋友玩侦探游戏，分享过他的作品：http://t.cn/A6HyFjdQ,正面
[心],正面
456真的是这样哎，小婴儿竟然是光源，画家真的是好有创作力👍,正面
@回去的时候_,正面
臭,负面
我吃吃吃吃,负面
来个身材好的免费手冲给我看,正面
[鲜花][鲜花],正面
[彩虹屁][彩虹屁][彩虹屁],正面
想吃..,负面
开饭,负面
各位网友们，谁可以共享个网，憋不住了,负面
各位网友们，谁可以共享个网，憋不住了,负面
都梅毒了能别祸害弟弟了吗？,负面
经验不足,正面
这就是草莓熊吗,正面
求网址[允悲],正面
还需要成长,正面
身上是梅毒？,正面
草莓种了这么多[笑cry],正面
试试04年的[嘻嘻],正面
嫌弃了都,正面
00年 四川申请出战！,负面
你无敌了,正面
吃饱了呀,正面
94申请出战,负面
哥哥有经验,正面
淋病梅毒,负面
00年请求参战,负面
草莓好多啊[鲜花][鲜花],正面
我也想找个技术好的,负面
上头了,中性
依然很美,正面
妥妥的女神范,正面
[心],正面
舒服,正面
[doge][doge],中性
什么牌子的？,负面
太美了，憋不住了,负面
[打call],中性
天啦！这个博主的内容太有趣了！我一进主页就出不来了！先关注了！以后就是老粉了[doge],负面
就喜欢别人女朋友[doge],正面
习惯就好,正面
这好主动@不相欠不相见 我都不好意思,正面
都是出来玩的,正面
[打call],中性
好美呀姐姐[哇],正面
一是可以保持身材 二是防止老公偷吃,正面
Where are u,负面
多少你,正面
[打call],中性
真好看,正面
身材越来越好,正面
腿好长[羞嗒嗒],正面
瑜伽确实让人放松,正面
n这样的,正面
这两腿之间绝了[允悲],正面
身材绝绝子[心],正面
好漂亮的小姐姐,正面
哈喽，好美的女孩，不知如何才能得到姑娘的芳心,正面
宽,负面
好美呀姐姐,正面
身材完美[可爱],正面
地麻辣小龙虾,负面
[允悲]十个女的9个贴贴啦 有啥大惊小怪,正面
真空好……,负面
带贴的,中性
身材好棒，颜值太可,正面
保持最佳状态，魅力无限[可爱][可爱],正面
好漂亮,正面
元气满满，身材太棒了,正面
好看的保养哟,正面
美女皮肤真好啊[good],负面
洗完澡是真滴舒服,负面
用的是什么呀，可以推荐一下吗,正面
美女都是这样保养的嘛[哇],正面
这个可以美白不？[挤眼],负面
皮肤昨天好好,正面
绝绝保养，完美哟[微笑],正面
真的是很棒的身材，真是令人羡慕。,正面
小姐姐的皮肤状态很不错哦[good],正面
皮肤真的好好呀[赞][嘻嘻][哇][爱你],正面
姐姐真的太美了，好迷人呀[哈哈],正面
真的太羡慕姐姐的身材了[抱一抱],正面
姐姐太漂亮了，好有魅力[哈哈],正面
姐姐的皮肤太好了，非常羡慕,正面
公主求墨镜,负面
求健身服,负面
菲菲这个腰我都想抱一下[抱一抱][抱一抱][抱一抱],正面
我靠我好像有半个月没上wb错过了好多,负面
现在好洋气,正面
姐夫怎么有点像王安宇h h h h,正面
好美[送花花],正面
真幸福[doge],正面
[苦涩]身材和样貌好般配，祝福[小凤凰],正面
皮肤好白,正面
你俩性张力爆棚,正面
菲菲好美😍,正面
菲菲这身材也太好了,正面
超辣[送花花],正面
老婆身材太好了[泪],正面
宝 新鼻子谁做的呀[色],正面
後面跳舞那段，總覺得像性暗示，看了感覺不舒服[允悲],正面
[doge],中性
创美失败经典案例,正面
她就拉几把倒吧,负面
烧起来了[doge],负面
我已经身临其境了[doge],正面
这长得也太一般了……,正面
抠上了,负面
嘴唇厚，欲望强,正面
好脏啊,正面
妮粉最少的评论区 因为妮粉都在骂Lisa 一个味你还玩个成就感,正面
[doge][doge][doge]会扭,负面
[打call],中性
视频,正面
[鲜花],正面
她体态真好,负面
[good],中性
好有资本,正面
贴哪,正面
[心],正面
[爱你][爱你][爱你],正面
[给力][给力],负面
让我送吧,正面
[心][心][心],正面
不懂[二哈],负面
[doge],中性
哇塞[可爱],正面
[舔屏]火腿肠要不要,负面
博主私募了吗,正面
成都,负面
要七度空间还是苏菲？,负面
[抱抱],正面
大波浪[doge][doge][doge],正面
大波浪[doge][doge][doge],正面
一看就被骗过,负面
没见过世面,负面
一看就没遇到好的,正面
中国平均12_15只有非洲驴才18[允悲],正面
弄死她哦，十五她们都受不了，十八事后要去医院，不要问我为什么知道，因为朋友里面有这些牲口,负面
蛙当时就这样 http://t.cn/A6HgcHFp,正面
要是这个时候已经开始蝉鸣了的话，是不是还要上树把树上的蝉都给捉了单纯想到这个，不是杠，毕竟蝉叫起来更烦,正面
落实到胃,负面
而高考女生是可以被集体网暴狂欢造黄谣的,正面
这属实是高考干扰牛蛙生态了哈哈哈哈哈哈,正面
把它炖汤喝[來],负面
今天下午2点，我在家里给地砖清洁，拿铲子铲污渍，有警察敲门，说我影响高考，我他妈房子方圆10KM没有一个考点，说我影响高考，咋滴，我用意念影响了？照这样有些人都不用考，上不了好学校的,负面
@林瀚_Linhan 老实点知道了吗,正面
蛤蟆你不要在这里呱呱叫,负面
@眨眨眼爱上翘臀哥 笑喷了,负面
@Re从我开始的异世界 你不要在这给我哇哇叫[微笑],正面
太恶劣了多少判个几年,负面
又是罗平！,中性
哈哈哈哈哈哈哈哈哈,正面
我们那一届考试时候很热了，后山全是蝉鸣，学生就说怕影响听力，大中午的全体班主任上山捕蝉，能抓一个是一个。,正面
加点辣！,正面
靠笑死了,负面
@_今桐_ 哈哈哈哈哈哈哈哈哈哈哈哈哈哈哈哈哈哈哈哈哈哈哈哈哈哈,正面
无话可说,负面
@企鹅团子吖,正面
给多少抚恤金和照顾都支持，但是反对保送，对高考学生要公平要一视同仁,正面
同意，让我们一起呼吁保送。,负面
烈士子女保送我无异议,正面
不用建议，只要孩子愿意，保送[微笑],正面
把你家孩子考的大学名额给她,正面
可别人未必要去当公安啊，,负面
可以给钱但你不能剥夺其他孩子的公平,负面
烈士尸骨未寒，也不致敬当今难得的英雄，一个个纠结人家号啕痛哭女儿的考学公平问题，还装一副大义凌然的样子，不觉得很丑陋吗,正面
只要孩子愿意，见义保送！,正面
看哭了 #2024高考加油#,正面
凭什么要保送，所有人都是靠实力，完全可以进行经济上的赔偿，但凡保送了，对这个女孩更打击，没日没夜都会觉得自己的大学是踩着爸爸的生命上来的，她能不难受吗，给她留的更是一辈子的遗憾[泪],正面
致敬英雄[鲜花][鲜花][鲜花][鲜花],正面
英烈子女上公安院校是肯定没问题的。,负面
其父亲因公殉职就保送小孩是有一些强加的概念在里面的，不管是政策加分还是抚恤金政策都合理，但“保送”本身就是认可一个人其在专业领域知识水平和能力的一种手段不能成为一种补偿机制去赠予烈士家属，就学业认定的规则是不符合要求的，而且对于这个女孩来说她不一定想继承所谓衣钵备受折磨，活在痛苦,正面
多多补偿人家家庭吧，烈士啊，可不能寒了人心,正面
致敬烈士。,正面
英雄,正面
支持保送烈士子女上公安大学，请教育部做一次好事吧！,正面
看到了警察這麼年輕便離世………. 真是可惜！留下一個女兒！看到女兒哭得這麼大反應很明顯是這個事來得很突然！[汗],负面
致敬烈士,正面
宝宝你好美[爱你][爱你] http://t.cn/A6HrO93t,正面
高考加油[吹风车] http://t.cn/A6HrO9RI,正面
高考的小珊瑚加油！保持心态！好运[求关注][求关注][求关注] http://t.cn/A6HrO9kt,正面
加油！加油！,正面
金榜题名[锦鲤附体],正面
谢谢姐姐！我一定全力以赴🙏 http://t.cn/A6HrO9F1,正面
收到啦[全力以赴][全力以赴][全力以赴][全力以赴][全力以赴],正面
放平心态[吹风车]芋头也给你加油，旺旺旺！ http://t.cn/A6HrONmh,正面
高考加油[亲亲][亲亲][亲亲]宝宝好美,正面
亲爱的，我把我的心取出来给你 😊→😚→😘 我还能把它放回去 😘→😚→😊 我再给你演示一遍 😊→😫→😫→😫 咦，我的心呢 原来是你把我的心偷走了😭😭😭 http://t.cn/A6HrW7fj,正面
全对全会[送花花] http://t.cn/A6HrO9XX,正面
姐姐我今天高考，可以祝我一切顺利嘛[亲亲],正面
宝宝好美[亲亲] http://t.cn/A6HrO9Nh,正面
学子们加油！金榜题名[打call] http://t.cn/A6HrOp31,正面
加油[抱一抱][抱一抱][抱一抱],正面
珊珊来迟[哇][哇][哇],负面
祝考生们金榜题名[送花花] http://t.cn/A6HrWqKo,正面
高考加油呢！！[哇][哇],正面
高考加油,正面
全力以赴冲冲冲[努力][努力],正面
“保送”不是粉丝说的哦，是有心人故意买的黑帖，粉丝也绝对没有说读书无用论哦，有队友粉又来浑水摸鱼了，都是合理合规的，关注还是还给高考学子吧 http://t.cn/A6HrSRqq,正面
中考没考完，试图走后门进高中被曝出来，没正儿八经高中学籍的有什么资格高考，还吹保送，真是脸皮够厚的,正面
他这个确实不需要参加高考，只需要有个好爹就行,正面
他去高考跟马嘉祺一样的水平吧[允悲],正面
还是得有钱[doge],负面
真的什么都不会，交钱就能上……,负面
乐死，只能说懂得都懂了,负面
这评论区混进了好多队友粉，嘴巴一张一合就是造谣[允悲]刘耀文高中在北京念的国际高中，上的不是普高课程，不参加高考不是很正常的事吗,正面
陶老师又来评评理了,正面
北大青鸟怎么不算北大[可爱]北电国际班怎么不算北电了 http://t.cn/A6HrNt4Z,正面
最搞笑当时录取爆出来，他的粉丝骄傲的说，不是北京电影学院，是北京电影学院国际班呢，那口气好像高人一等，本来对孩子没啥，就是看到他一些没智商又爱秀的粉丝感觉很无语，还不敢说，怕她们满嘴脏话[允悲],正面
你又懂国际班了[允悲]👌🏻,正面
我是在一个双非的中外合作办学专业里。我是参加了高考但是分比这个学校的公费本科生低一点儿，学费一年一万多，当年也是从高考志愿报名系统里报的。学籍、学位证在当年填报志愿之前打听了无数遍，连盖那个学校单位的章都问清楚了，报志愿很麻烦，尤其这种国际、中外的。,正面
老师真的好牛啊什么事情都要说两句[太开心][太开心],正面
怎么操心过得都比你们好[可爱],正面
这可是人家学校自己发的哦 http://t.cn/A6HgL7Fd,正面
桃大，明天端午，提前祝您端午安康，和猫猫狗狗们欢度假期[爱你]飞吻一个哈哈,正面
[赞],正面
实话,负面
最早在b站关注您的 感觉对每个事件讲的都挺客观 居然刷到讲我爱豆了 刘耀文的那个国际高中走ib课程 但是估计他不参加ib考试直接拿毕业证 然后去的北电2+2 那个确实可以说不需要门槛 我的看法是他作为这个团的一员而这个团目前还在发展 公司不太愿意放人 还有就是雅思成绩是谣言哈 队内粉丝撕逼传出来的,正面
【转发有礼🎁】#端午祈愿会# 超常发挥，“粽”望所归，转发这条微博，一起为高考考生加油！赢端午高考祈愿礼。 ,正面
你把自己@ 错了[doge],正面
高考加油[努力],正面
加油加油,正面
祈福官[喵喵],负面
高考加油[握手],正面
高考加油[全力以赴][全力以赴],正面
祝福你们,正面
评论,负面
祝我高考顺利[比耶],正面
祝所有考生高考加油，得偿所愿，祝我亲爱的弟弟高考考出一个满意的成绩，考上心爱的大学[爱你][爱你][爱你][爱你] 另  祝大家端午安康！！,正面
加油[给力],正面
。,正面
[握手][握手][握手],正面
加油,正面
端午安康[送花花]高考加油,正面
端午安康,正面
㊗️学子们金榜题名马到成功！,正面
转发微博,正面
[微笑],正面
今年高考作文所有学校都压对了，,正面
既然都压对了，那就抬高分数线吧,负面
都押对，等于一个都没押对。三个够了[吃瓜],负面
10个基本面，去匹配全国这么多券子作文题。你这不是概率，是全覆盖,正面
真神[赞][赞][赞][赞],正面
你再押个数学题试试,正面
[good][good][good],中性
确实可以得瑟一下。,正面
360AI搜索360AI浏览器,负面
360AI搜索牛牛牛,正面
想想出题人也是需要以当下社会发展情况来出题，AI搜罗了这些特点来进行出题，概率还是很高的，可以说科技改变了很多规则。另外，剩下那些没有压中的题，我觉得一部分也是很大概率属于高考作文备选题，算是入围名单了。,正面
阿弥陀佛南无阿弥陀佛啊真的好神奇啊,正面
把孩子未来的工作搞没了[嘻嘻][嘻嘻],正面
真的太神奇了吧[打call][打call]接好运啊,正面
这种好运气，什么时候落在我身上？,正面
真的太厉害了，我也来接好运,负面
哈哈好,正面
高考作文想来紧跟时事，现在热点就那么几个，大差不差,正面
明年出题前先用各个AI预测一遍然后排除掉。。。,正面
会不会泄密了？[笑cry],正面
我语文第一，数学也是第一，倒数的第一[色],正面
我单科从来没有得过第一，但是三科加总分倒是有那么几次[允悲][允悲]，不偏科但毫无特色,正面
能不能说都难[太开心],负面
语文135，英语127，数学甭提了,正面
虽然我已不再需要为高考语文作文而煎熬，但是时至今日仍然觉得触动灵魂的语句可以用到生活的每一个角落[抱一抱],正面
你好，你感兴趣的“高考作文”已开通了超话社区～ 超话社区是微博旗下兴趣互动社区，快来与志同道合的小伙伴们一起交流互动吧！ 戳我进入>> #高考作文[超话]#,正面
考完了刷到你了[微笑],正面
[爱慕],正面
看看这篇作文怎么样？,正面
作文,正面
作文-开头结尾~,正面
[泪],正面
这和今年考试作文有啥关系[微笑],正面
转发微博,正面
To：李华 要好好学英语啊，学好了再交朋友🤗,正面
考生：李华 以前没看出来你这么喜欢画画,正面
亲爱的李华，这是最后一次帮你写信了，以后就要靠你自己了[融化],正面
亲爱的李华，希望你能明白自己写出来的信是最能表达自己的真情实感的，以后可不能再让人帮你写了[doge],正面
李华的爱好就是让人帮他写信 这么多年一直坚持不懈[允悲],正面
李华都这么多年了，你的英语水平怎么还没有提高呢？,负面
又要开始帮李华写作文了呀，他就不会自己学？,正面
哈哈，这个名字真是每年都会出现,正面
愿每一个高考学子能够金榜题名，考一个优异成绩,正面
这英语水平真是够可以的，要继续加油才行,正面
李华绝对是高考老油条，这个作文也太有梗了,正面
又是给李华写信 简直不能更熟络了[允悲],正面
也是不知道为什么都喜欢用这个名字[doge],正面
笑死人了，我是觉得这个高考有一点真实[doge],正面
希望大家都可以金榜题名 可以考出优异的成绩,正面
我给李华介绍了好多好听的英语歌，希望她在考场上能考的轻松愉快,正面
每一年的这个时候都有很多人给李华写信，看来李华的好朋友很多,正面
李华，你小子还真是没把我们当外人啊[doge],正面
原来一直都是李华。这个名字没变过的,负面
李华是大家群嘲的对象 给他写了那么多年信[允悲],正面
[奋斗]阿b搞仪式感真的有一套！高考结束必须放松一下！去小电视🔍高考加油，接受满满祝福！,正面
希望他们能考出自己满意的成绩,正面
感觉仪式感还是要有的呀,正面
很有趣哦，我看到都觉得很开心了,正面
希望都能考出好成绩啊[笑cry],正面
大家考完感觉都是一脸特别轻松的样子,正面
[打call][打call]孩子们终于考完了，可以放松一段时间了,正面
希望高考生都能取得好成绩,正面
一定要去好好的放松一下我觉得,正面
现在的家长是懂孩子们说的仪式感的吧！这么温馨,正面
这种仪式感看着很带感,正面
考完就可以放松一下啦,正面
恭喜他们，现在肯定非常轻松了,正面
考完终于可以放松一下了[打call],正面
所有考生都能金榜题名，家长们也是仪式感满满呀,正面
不管结果如何，仪式一定要到位,正面
哇塞！好有仪式感啊！那同学们一从考场出来岂不是很震撼[嘻嘻],正面
时间过得太快了，又是一年的高考结束了,正面
希望高考学子都能金榜题名，好好休息一下吧,正面
也预祝大家都可以考到一个好成绩呀,正面
#高二生高考写作文搬出施一公名言#,负面
#高二生高考写作文搬出施一公名言#,负面
有信心，蛮好的,正面
哈哈哈哈,正面
一看就是学霸的感觉，之前我们学校前几名都是这种,正面
这面相一看就是先天读书圣体,正面
为啥高二生就可以来高考了？,正面
头发都稀疏了，应该没他说的那么简单。。,负面
怎么感觉不正常的样机,负面
高二还写不来默写才不正常吧，默写不是最基础的？觉得这个简单有啥好骄傲的,正面
心同宇宙广,正面
和韦神一个型,正面
长得有点着急了，像40,负面
流程上怎么实现高一高二学生参加高考呀,正面
这种看似不正常，确实不正常，是那种基因突变导致的超级学霸,正面
果然，上帝为你关上一扇门，一定会为你打开一扇窗[doge],负面
施一公都能出来醉了。,正面
默写，高考成了你死记硬背的登云梯了，违背初衷，还津津乐道,正面
这样的学霸～[允悲][允悲][允悲][允悲],正面
不是考试不让穿校服嘛[doge],正面
我很疑惑高考有什么用吗？本人本硕博全名校，挣钱能力与网红无法比[允悲]有时候常思考这个问题:读书无用论[苦涩],正面
应该是答的全会，蒙的全对吧！[允悲][允悲][允悲][允悲],正面
无底线直播👎,负面
雨姐这是新的视频？,正面
雨姐人太好了，大气！[给你小心心],正面
借雨姐吉言，祝我儿子高考顺利！金榜题名！,正面
赞,正面
威海ing,正面
[赞][赞][赞],正面
#祝福高考# 雨姐真好,正面
和雨姐一起㊗️所有考生高考加油！[打call],正面
[打call][打call][打call][打call][打call],负面
啊,正面
[笑cry][笑cry][笑cry],正面
应该是答的全会，蒙的全对[嘻嘻],正面
雨姐大气！！！[心][心][心],正面
[good],中性
金榜题名！,中性
雨姐：好好造，造不动的完了来我团队带货,正面
愿孩子们考出好成绩[good][good][good][good][good][good][good][good],正面
#代斯[超话]# 又是一年高考季，努力走了这么久，终于来到最后一战，祝各位高考学子们笔耕不辍，金榜题名，前程似锦，一定上岸！[全力以赴][全力以赴],正面
[打call]加油加油,正面
高考加油,正面
愿栀子花开时，金榜题名[打call],负面
高考加油！,正面
啊啊啊你好美姐[色],负面
祝大家高考加油[送花花],正面
高考加油！,正面
[亲亲][亲亲][亲亲],负面
[老师爱你][老师爱你][老师爱你][老师爱你],正面
好美[哇][哇][哇][哇],正面
高考加油[打call][打call][打call],正面
冲冲冲,中性
[举手],正面
高考加油，冲鸭！！！,正面
谢谢[苦涩],正面
高考上岸[心][给你小心心],正面
大家加油呀,正面
好美啊 姐姐[抓狂],正面
冲冲冲,中性
不是 怎么当事人的点赞怎么还没热搜那个新闻号的赞多[笑cry][笑cry][笑cry],正面
明天就要高考了！,正面
语文老师那个，我再看看你们，我就想哭，虽然高考离我八年了[笑cry],正面
毕业好多年了，看着还是觉得很触动,正面
我妈妈！！已经当了二十多年语文老师啦，今年又送一届高三学子毕业，昨天还在家里试送考服问我好不好看,正面
好喜欢你的视频，真的太像了[涂山红红],负面
我们语文老师是个矮胖的五十岁的男老师，但是高考送考，他夫人和女儿都穿了旗袍来送我们[苦涩],正面
虽然毕业很多年，看到这些眼眶还是会湿润，祝我妹妹高考顺利，金榜题名[心],正面
姐的观察力真的是太强了，每一期的视频拍的都好好，人物细节方面拿捏的准准的，姐的视频一如既往地优质！！！[送花花][送花花],正面
祝今年考生高考加油,正面
眼眶有点酸，当年经历这些的时候，不知道后来一别经年，再也没有回去见过老师们了。,正面
太厉害姐哈哈哈哈哈好像,正面
人生一战，人生一站，希望每个孩子都能考出理想的成绩，活出想要的人生[彩虹屁],正面
姐你绝了,正面
怎么可以这么精准的抓住精髓啊啊啊啊,正面
超棒，加油,正面
男教导主任真的会穿这样吗？蠕蠕[抓狂][抓狂][抓狂][抓狂],负面
终于想起了还有微博账号还没关注[doge]趁着上热搜了，关注一波[doge]（看着视频突然怀念起多年前的学生时代[苦涩]虽然没那么美好[苦涩]）,正面
可以可以[嘻嘻],正面
好像啊姐[心],正面
摸错了，8211就是不211[二哈],负面
大家都是锦鲤！高考必胜[耶],正面
摸车牌沾喜气，加油高考生，金榜题名时！[努力][努力][努力],正面
金榜题名,中性
㊗️金榜题名,负面
高考生们接好运啦[给你小心心]都要成功上岸[送花花],正面
沾喜气，高考加油,正面
金榜题名[努力][努力],正面
金榜题名,中性
金榜题名[心][心],正面
金榜题名,中性
高考顺利[抱一抱],正面
加油！,正面
金榜题名,中性
大众对高考的心态似乎有点儿变味了,正面
金榜题名[心],正面
高考必胜👏,正面
今年没看到第一个跑出来  翻跟斗劈腿的？,负面
高考顺利。。,正面
金榜题名，高考顺利～[哇],正面
你在福建哪里录节目?,正面
#杨迪[超话]# 逢考必过,正面
高考加油[努力] http://t.cn/A6H1ZE8O,正面
今年我是主角[泪],正面
逢考必过！！,正面
今年，龙年行龙运，一定旗开得胜！高考加油，考出好成绩[锦鲤附体],正面
迪哥祝我高考顺利吧[泪],正面
逢考必过！,正面
小迪你是人美心更美。,正面
祝考生们考的全会，蒙的全对✓。,正面
祝所有高考生端午节高考一举高粽。,正面
加油💪💪💪💪💪💪💪,正面
想你爱你,正面
逢考必过！！,正面
我已经过了高考的年纪，祝其他考生金榜题名，考上心仪的大学。,正面
你要多多参加t台走秀。,负面
好[举手][举手],正面
迪哥祝我高考加油[泪]我下午去看考场，明天就要考试了[泪][泪][泪],正面
@杨迪 我6月17中考！可以祝我必将上岸吗？,正面
[爱你],正面
刷到24届 考题了[作揖] 可以看看 http://t.cn/A6HrWp8y,负面
有病。。。谁说24简单了,负面
到底谁在说今年数学简单，大题计算量好大[泪],正面
24届的求放过[允悲] 计算量大的要死[允悲] 说简单的你们考个150看看实力[允悲],正面
谁跟你说24简单了[微笑][微笑],正面
21届在凑热闹[揣手][揣手][揣手][揣手],负面
19届在“黄金比例”[苦涩],正面
23届看戏 觉得也没简单到哪去[有票了],负面
谁尼玛说简单的[微笑]要不你来算新课一[微笑],正面
24届没有简单捏,负面
谁给你说简单了？！你自己是考生吗就说[泪][泪],正面
也不要说22届的破防了[泪]我就是22届的，每次到高考确实会感慨万千，现在已经过上忙碌充实的大学生活啦[爱你]22很多人其实无法释怀的是高考试卷带来的冲击啦，不是针对高考的孩子们，希望每一届高考学生都能如愿以偿[春游家族],正面
准高三已经在焦虑地玩手机了,正面
23没破防啊[笑cry]按排名来的破防什么[doge],负面
我高考那年出来，他们都说题简单，我他妈的感觉和他们做的不是一套题，我一题不会，出分那天我数学38分，那几个说题简单的二十多分[doge],正面
有必要吗，我们19届都释怀了，22 23 的还有以前的都考上大学，进入了人生另一个阶段，怎么还和24届要高考的宝贝计较[拜拜],正面
24简单？,正面
好吧21级已经是历史了，不过我们那届数学我记得还行，反正我考了有史以来最高分,正面
只有18届是真简单,正面
到底是谁在说简单[微笑][微笑][微笑][微笑],正面
不是，河南高中穿了三年校服剪了三年齐耳短发（我），高考当天能穿便服了我拿平常的衣服穿怎么了，我考场还有jk呢。一群线头incels即没经历过高考也没见过女人[挤眼],负面
就这出生 http://t.cn/A6Hd8e4t,正面
感觉现在的网络，出现疑似当事人亲友也不能尽信，说不定是冒充博热度的。我个人还是希望女生没有被影响到🙏,负面
昨天在扣扣空间看到了，原po说弃考了,正面
“麻辣女教师”[疑问]女老师没把自己里三层外三层裹起来，也被霉体造过谣、审判过是不是不够得体，女人不管在哪个阶段都一样被男宝yy，唯一的解决办法就是让男宝闭嘴,正面
卖沟子的又以己度人了#男性收费性行为的比例高于女性#,负面
我十几年前高考的时候老师就告诉我们不要穿校服参加考试，大热天考试穿裙子的女生一堆一堆的，那些一口一个河南高中不让这样那样的，你们河南是被留在旧社会了吗？,正面
请女生闹起来，让无良媒体丢钱丢工作家破人亡[ok],负面
不知道其他地方，但就我经验而言，不穿校服去参考的学生都是市里学校很好的学生。老师会避免考场其他学校的学生根据校服判断你的成绩，我们学校以前就发生过成绩好的男孩子被后排坐着的外校男生一直踢凳子的事。这女孩子成绩大概率是真不错的…可惜了的,正面
真的神经，只能说心脏的人看什么都脏 ，第一次看到这条新闻我只觉得特叔叔好暖，及时帮考生买拖鞋，没想到有人的关注点竟在女生的穿着上。,正面
.....我高考都是穿睡衣考的，穿什么衣服监考都没管你们倒是管上了😅,正面
我们高考的时候说了没有金属的衣服随便穿，我们班主任还交代了女生记得穿背心别穿带钢圈的bra，觉得束缚着不舒服也可以不穿那个，怎么舒服怎么来。那天挺热的我穿了个吊带连衣裙去考试的[融化],正面
这个不会是想写“性感女生”吧？？？有毛病吧！！！ http://t.cn/A6Hdnzui,负面
不是，高考还没有结束，这4️⃣人能不能别来影响这些学生了,正面
不是。。。这个穿着有什么问题么？？？这就能开始鉴了？？？？？？？人生最重要的时刻我就是想漂漂亮亮开开心心的去度过这怎么了？？？,正面
我高考的时候也穿了短裙（很短，38cm吧），没有任何人说我，我父母也没说，除了坐在空调房里冷以为我觉得没有任何问题,负面
神金你管人家穿什么,正面
开孩子黄腔[草泥马][草泥马][草泥马],正面
一见短袖子，立刻想到白臂膊，立刻想到全裸体，立刻想到生殖器，立刻想到性交，立刻想到杂交，立刻想到私生子。中国人的想像惟在这一层能够如此跃进。,负面
男宝自己小升初考不过就开始造谣，不愧是团结的男宝,正面
原来你们都这么小[允悲],正面
谢谢哥[悲伤]虽然我大三，但是谢谢哥,正面
明天高考请记得带准考证、身份证、垫板、矿泉水。记得检查发给自己的2b铅笔、橡皮、0.5中性笔。不要紧张，认真考试。如果第一个出考场被采访的话，麻烦让范世錡来浙江开10场演唱会！！！,负面
#范世錡[超话]# 用一张非常成功人士的自拍🤳🏻为广大考生送上祝福！#新錡事# ,正面
借你吉言[努力] http://t.cn/A6H10cAd,正面
明天考夜间狩猎[揣手] http://t.cn/A6H10NwF,正面
下午去看考场了,正面
高考加油！我这个准大学生要毕业了来凑个热闹！！@范世錡xxxF http://t.cn/A6H10blA,正面
好紧张 需要一张签名鼓励 电子签名也行。[老师爱你]@范世錡xxxF,正面
我这就穿越回去给我自己说句高考加油，别紧张，别喝太多水[爱你],正面
能不能祝我考上理想大学[举车],正面
大哥明天就高考了祝我上岸,负面
保佑我考上985 211行吗,正面
乘风破浪会有时[爱慕]考完就去看你演唱会啦,正面
好的艾总[爱慕]虽然我不考,正面
梦回16年 我明天去考试了 快祝我成功[举手],正面
现拍现发吗哥,负面
高考加油！！！金榜题名！！,正面
高考加油👍,正面
又是一年的周四生日~哥 看看我[泪] http://t.cn/A6H1OofG,正面
好哒盒子 一定会的！,负面
高考加油！,正面
高考加油！祝大家金榜题名[ok],正面
她可是我梦中情girl吖,正面
[亲亲][亲亲],负面
会的，有了姐姐这么漂亮的加油[心]一定可以的,正面
高考加油,正面
子怡，美女，漂亮，小姐姐。,正面
好的姐姐[亲亲],正面
金榜题名[打call][打call][打call],负面
咦 发了小红📕的库存[在线等],负面
老婆有空可以去东山岛和平潭玩玩！,正面
高考加油[给你小心心],正面
金榜题名 超常发挥！！！[赢牛奶],正面
有没有做簪花造型呀[送花花],正面
海边也太美了吧！,正面
去年高考历历在目[苦涩],正面
高考加油！！！,正面
高考加油,正面
姐姐太漂亮啦[羞嗒嗒],正面
哥哥！好久不见！想你啦～预祝各位考生金榜题名！得偿所愿！,正面
啊啊啊啊啊啊你终于来了[泪][泪][泪][泪] http://t.cn/A6H1B2aj,正面
好紧张啊！虽然我已经高考完几年了[馋嘴]㊗️高考的晚丝吃好～睡好～在考场上发挥出最好的水平最后金榜题名[抱一抱] http://t.cn/A6H1B2oY,正面
高考顺利，金榜题名,正面
啊阿啊老公[加油]给你看 http://t.cn/A6H1BLxq,正面
高考加油[打call][打call]！,正面
祝高考学子金榜题名，得偿所愿 http://t.cn/A6H1BL9c,正面
高考加油！🍊,正面
好久不见！高考加油[给你小心心],正面
高考加油，心想事成[打call][打call][打call][打call],正面
好的宝宝[爱慕][爱慕][爱慕],正面
祝各位高考生心想事“橙”[努力],正面
啊啊啊啊啊啊祝大家高考加油 金榜题名！,正面
高考加油,正面
高考加油金榜题名！,正面
啊啊啊啊啊啊啊老公想你了！[羞嗒嗒],正面
好的[老师爱你],正面
好耶收到祝福[馋嘴],正面
高考加油[送花花][送花花][送花花],正面
预祝各位考生心想事成！得偿所愿！ http://t.cn/A6H1BU4E,正面
cr http://t.cn/A6H1ErlM,负面
高考生都在列考完清单：换手机 打耳洞 染头发 旅游……,正面
高考最紧张的是高二吗[doge],正面
以前老师骂我们厚脸皮。现在叫松弛感[二哈],正面
只有我们学校高考期间正常上课根本没有手机玩吗,正面
都是可以拿到手机的在刷，往届住宿生震怒,负面
每年这么多高考生，啥样都有啥成绩也都有,正面
到底买15还是16啊![抓狂],负面
十年前高考在喜迎七周年[喵喵] http://t.cn/A6HBtVv9,正面
当初高考完 一件事都没干！//@头像够丑男人划走-:高考生都在列考完清单：换手机 打耳洞 染头发 旅游……,正面
我高考温书假看了一本小说一部韩剧[拜拜],正面
笑死我了,负面
现在正在。。。[允悲],正面
确实高考前几天是学不进去的也没有学的必要了，我21年高考那几天都是熬夜看小说的,正面
高考完没拍毕业照的，千万要拍完再去染头烫头不然你就要顶着一头黄毛一头红毛一头丑丑的卷发再搭配上你炸裂的化妆技术去拍照了[爱你],正面
哈哈哈哈哈，高二那个真实了,正面
现在正在放屁[干饭人],负面
我好久没刷到他了,正面
没事的，一会儿我就去考最后一场了,正面
高三生最松弛的时候就是临近高考的一月。。一点都学不进去,负面
加油[求关注],正面
加油加油！,正面
加油加油[打call][打call][打call],正面
加油加油加油[我最粽意你],正面
加油！冲,正面
加油,正面
加油！,正面
加油,正面
一切顺利,正面
继续加油，同学，愿你金榜题名[鲜花][鲜花][鲜花],正面
十年磨剑穷文尽理今朝抒鸿鹄志，一旦试锋安国定邦他日成栋梁材。[打call][打call],负面
加油,正面
加油[加油],正面
愿你金榜题名日，一举成名天下知。龙门跃进步步高，前程似锦美如画。,正面
祝金榜题名！加油！,正面
高考加油,正面
加油,正面
加油[努力],正面
拼搏努力，不留遗憾[加油][加油],正面
加油加油！！！,正面
可以请问一下这种词条的源头是怎么抓取的么？,负面
我当年短裙网眼袜去高考的……怎么到现在越来越封建保守了[费解],正面
有时候觉得很离谱 正常发言被禁的海了去了 这种言论反而没有管束 自由泛滥,正面
哇哦！好有力的语言！,正面
必须严厉惩治这个人！,负面
我中考还穿的吊带，考的省级重点中学，不知道现在的风气怎么了,正面
孙膑是孙膑兵法啊[允悲],正面
孙膑兵法，孙子兵法,负面
[好运连连]好奇看看谁选孙悟空,正面
大伙儿别闹，孙膑写的叫《孙膑兵法》啦[喵喵][喵喵],负面
啊这。。。,负面
不孙武吗？咋都选孙膑,负面
孙膑孙武也就算了，选孙策的是干什么的啊[哆啦A梦害怕][哆啦A梦害怕][哆啦A梦害怕],负面
怎么没有孙子？,正面
孙武啊，怎么大家都选孙膑啊[二哈][二哈][二哈],负面
没错 你是个明白人 我明白你明白的意思 我也是明白人 明白人就应该明白我明白你明白的意思 只要大家都明白明白人应明白我明白你明白的意思 这样网络环境就是充满明白人明白其他明白人所明白的事 ➕关注@又知道了  明白了吗 http://t.cn/A6HgIwnQ,正面
水果保存方法，get 到了,正面
我买的就是很容易坏掉[泪],正面
超长保鲜指南，这个要学一下,正面
水果存放方法,正面
隔绝空气和水，避光,正面
收藏，各种水果保鲜指南,正面
水果超长保鲜mark,正面
恭喜！你发布的微博已经登上热搜榜，这条精彩创作得到了很多关注和讨论！点击查看 >> http://t.cn/A6HgcayC 创作指南>> http://t.cn/A6OqQFzK,正面
厨房纸确实有用，我保存绿叶蔬菜也是会放一张再密封袋子，这样放很久叶子也不会烂，,正面
为什么厨房纸有用啊[喵喵],正面
[doge]那么你的方法在哪里学的呢？万一没效果怎么办,正面
香蕉可以放冰箱？不会变黑么？[挖鼻],负面
香蕉放冰箱吃了真的不会窜吗,负面
一次少买点就少这么多麻烦,负面
学到了，再也不用担心了[心],正面
转发微博,正面
真的是非常有效的方法，收藏了,正面
这些真的有用吗？,正面
香蕉那个管用吗,正面
别的不是很清楚 但C位那是真放对了,负面
高考加油呀,正面
加油[努力],正面
高考加油啊,正面
我们玛嘉宝宝[泪],正面
高考加油,正面
高考加油,正面
加油加油[给力],正面
加油,正面
加油[打call],正面
高考加油呀,正面
高考加油！,正面
高考加油,正面
高考加油呀！,正面
高考加油[求关注][求关注][求关注],正面
加油[赢牛奶][赢牛奶],正面
高考加油！,正面
高考加油啊！,正面
加油[举手],正面
高考加油[哇],正面
祝所有高考生高考必胜 旗开得胜！！！[开学季],正面
谢谢宝贝 明天一定全力以赴[努力][锦鲤附体],正面
高考加油加油加油！！！！！,正面
所有要高考的宝宝们加油哇！！！！金榜题名！！！[努力],正面
高考加油金榜题名[比耶][送花花][送花花],正面
加油,正面
乔欣姐姐，明天就高考了（你会对我说些什么[来]）,正面
宝宝我明天高考[心][心][心][心]谢谢你的祝福！[心],正面
祝所有高考的宝宝们，高考必胜[心],正面
加油,正面
高考必胜[作揖],正面
高考的bb们加油哇[哇][哇][哇],正面
加油[打call],正面
上岸[泪][泪][泪][泪][泪],正面
[爱你],正面
祝所有高考的宝宝们，高考必胜[心],正面
[爱你][爱你],正面
也祝我中考加油呀[憧憬][憧憬],正面
早,正面
[心],正面
这条高分喷雾保佑你[举手] http://t.cn/A6HgGYSM,正面
接,负面
接接,负面
接,负面
接,负面
接接接,负面
接,负面
接,负面
考完英语想死的心都有了 [生病][抓狂],正面
今天是高考第二天，稳住心态呀！,正面
接[打call][打call][打call],负面
接,负面
接接,负面
接接接接接,负面
接,负面
[小黄人微笑],正面
接,负面
接接接,负面
接接接,负面
接,负面
还是那句老话 考的全会，蒙的全对！,正面
“要记住 你们的身上有一个不可战胜的夏天”,正面
希望各位考生们都能考的全会蒙的全对,正面
祝愿每一位考生都可以一举夺魁，金榜题名,正面
所以我觉得放平心态才是最重要的哦[送花花],正面
我觉得在考场上的时候，心态就是最重要的了,正面
考前刷一张语文卷子效果好吗？,正面
祝所有的考生都能取得好成绩，高考加油,正面
祝所有寒窗苦读的学子们都能，金榜题名，一举高中,正面
祝所有的考生都能金榜题名，成功上岸,正面
希望所有的考生们都能够一切顺顺利利,正面
看做一次平时的考试去认真对待就好了，相信自己[心],正面
我希望你的成绩会照亮整个夏天，然后带着你的期许。去见，从未见过的风景,正面
这一刻不是十年苦读的终结，而是探寻人生新可能的开始,正面
要相信自己！千万不要紧张了，祝大家都旗开得胜！,正面
考生加油吧拿出你们的全部实力来吧冲冲冲[哈哈],正面
祝所有高考的学子们都能，旗开得胜，一举高中,正面
对每一场考试我们都沉着冷静，不要想别的,正面
拿出自己应有的实力，不辜负自己的努力,正面
希望大家都能够顺顺利利，金榜题名,正面
我会的[锦鲤附体] http://t.cn/A6H1TX3o,正面
砣砣们高考加油！旗开得胜[送花花],正面
榜上有名[打call],负面
加油,正面
高考加油！[爱你],正面
加油！,正面
高考顺利,正面
祝大家高考顺利！金榜题名！！！,正面
高考加油,正面
祝所有考生金榜题名[赢牛奶][赢牛奶],正面
高考加油[打call],正面
金榜题名[努力][努力][努力],正面
加油[哇][哇][哇],正面
金榜题名，高考加油！！！,正面
祝宝宝高考加油金榜题名[鼓掌][鼓掌][鼓掌][鼓掌][努力][努力][努力],正面
哥祝我高考顺利！[污] http://t.cn/A6H1Tavy,正面
高考的砣砣们高考加油，金榜题名[汪洋海蓝比心],正面
@爱吃柚子的星落 加油柚子,正面
高考加油！冲冲冲[打call],正面
能祝她金榜题名吗 http://t.cn/A6H1TWlx,正面
主要是周深演唱会太火票太难抢了[苦涩]还好我找了十几个老铁帮我抢到了[打call] http://t.cn/A6HgbLeO,正面
[允悲][允悲][允悲][允悲]加场已成米姐执念[允悲],正面
好想看他的演唱会,正面
期待值拉满，就等深深子[偷乐],正面
深深是尊嘟棒[挤眼],正面
迫不及待想看到周深毕业歌和《少管我》舞台[打call],正面
周深满足一下学子的愿望吧[憧憬],正面
秒变大型许愿现场[哇],正面
#周深回应考生出考场喊周深加场# [打call],负面
周深就是舞台上最耀眼的存在,正面
谁不想去看周深的现场呢,负面
即刻加场 别等我们催,负面
周深这么宠粉明天舞台见,负面
考生都在催加更了 这不得满足一下,正面
深深的舞台 超惊喜,正面
周深老师的巡回演唱会场场爆满，座无虚席。谁能不想在高考毕业以后听到@卡布叻_周深 周深老师演唱会呢！[抱一抱],正面
周深天籁之音，谁不想去演唱会现场听呢？,负面
期待深深[哇]的舞台,正面
#周深回应考生出考场喊周深加场#周深老师加场哈哈哈哈哈哈 ​​​,正面
加油💪,正面
愿你们圆梦今夏[握手],正面
放下昨日，轻装上阵。每个走到今天的你，都是英雄。高考遇端午一举高粽，加油高考生，愿你们圆梦今夏！[努力],正面
春风得意马蹄疾，一日看尽长安花[送花花],正面
高考加油！,正面
高考第2天，继续加油！  早安[心],正面
高考加油！金榜题名！[锦鲤附体],正面
继续加油,正面
早安[太阳]高考加油[给你小心心],正面
早安[赢牛奶],正面
早安[心]高考加油[加油],正面
早安[在线等],负面
继续加油[心][全力以赴],正面
早安 加油[彩虹屁],正面
早安 加油[鲜花][鲜花][鲜花],正面
端午节遇到高考，必定高“粽”[努力],正面
蝉鸣的夏季，你一定胜利！高考加油[努力][努力][努力],正面
高考加油,正面
早上好[心]高考加油[努力],正面
早安 高考加油,正面
加油[羞嗒嗒][羞嗒嗒],负面
从小学算起的话，最终走到高考这一步的全国来看最多50%；而且，我感觉我没有创伤啊，难道博主有[二哈],正面
我今天高考...这三年出现了点意外，学业上不如意，哭了好几天了，不知道怎么给自己和解，其实对我来说上大学就是执念，可是走不出来要咋办[泪],正面
读过大学的人有脑子的概率比中专的大很多。聊天也不一样。和中专男聊天三句一个不想当joker，沸羊羊，被pua。脑袋空空，学点网络词儿就跟风。,正面
我看到一群人喜欢高中生活的文字我就pstd[拜拜],正面
毕竟很多人的高光时刻还是高考分数，35岁以后裁员去开网约车的也挺多，木有事。,正面
[允悲][允悲][允悲]认识好几位高管男，选择人的唯一标准就是必须名校毕业，感觉是这辈子走不出来的阴影[笑cry][笑cry][笑cry],正面
啥？你这也太娇情了,正面
有个屁的创伤，怀念高考并不是晒什么昔日辉煌，而是怀念当初那个少年还有已逝的青春,正面
不说这两天，就冲许多年之后还能屡次梦见考试这一件事就可见一斑,负面
倒也不用，日常我还是会梦到去领毕业证被告知有门不及格[允悲],正面
范进千古,负面
你自己有创伤非要说是大家的 我就是怀念17岁的自己又咋了[费解],正面
同意！整个高中以及高考都是此生不愿再回忆的过去，是一段特别特别希望能删除的记忆！,正面
这辈子都不想回到高中 除非我上的是国际高 我还没毕业 但是我想起自己因为高中得了抑郁症以及有次为了上课中暑低血糖头晕 就想死,正面
现在已经高考结束十四年了，依然会在压力大的时候做梦，梦到自己在高考，老师没带准考证，考试睡着了，一直到不了考场的噩梦[允悲][允悲][允悲],正面
三十多年了，还会做高考时考数学的噩梦,正面
昔日辉煌怎么能是精神创伤？看不得别人回忆昔日辉煌的人才是精神创伤吧,正面
无病呻吟的阿米巴,负面
考不到的[doge]或者靠这个翻盘人生的人失败了的才会精神创伤,正面
哈哈,正面
点赞我的都985/211[笑哈哈],正面
接[打call][打call],负面
转发微博,正面
我接[耶][耶][耶],负面
加油[加油],正面
考得都会[爱你],正面
接接接,负面
接,负面
逢考必过,正面
接,负面
加油,正面
高考加油,正面
过,正面
好！！！接接接,负面
🙏🙏🙏,中性
接好运🙏🙏🙏🙏🙏🙏,负面
[打call],中性
接接接,负面
谢谢,正面
高考必胜[赢牛奶][送花花],正面
高考加油，都会，都对![打call]#郭碧婷[超话]#,正面
老婆 我明天高考 你能祝我一下嘛,正面
姐姐 明天考试了[愛你]要不要祝福我一下啊[愛你][愛你],正面
突然冒出一大堆考生[哈哈][哈哈],正面
明天高考 好紧张唷[污],正面
老婆给我补一个小升初加油，中考加油，高考加油呗[委屈]@郭碧婷,正面
老婆我明天闭卷随堂考也要加油[可怜],正面
哦我还要考六级了，老婆快祝福我,正面
加油加油高考顺利,正面
姐姐可以祝我专四和四级顺利嘛[爱你],正面
太美啦宝贝[可怜],正面
老婆可以助我这种从小学喜欢你到大学的大学生期末考试每科都过么[送花花],正面
我现在一点都没有高三学生应该有的样子，明天就高考了，但是我现在仍然浑浑噩噩，整天抱着个手机，一点学的样子的没有。从去年九月份开始，我这一年的状态远不如之前了，我知道高考的重要性，也知道高考意味着什么，但是我的确无法强迫自己学。但其实我一点不慌，正如我一开始所说，因为我不是高三学生,正面
那我下下周期末考能给我加油吗[喵喵],正面
姐姐能不能给我补一个高考加油[羞嗒嗒],正面
老婆给我比心啦[哇],正面
祝高考的bear们金榜题名，高考加油[加油][加油][加油],正面
老婆我要高考了好紧张[泪],正面
我在考试，好紧张[亲亲][亲亲][亲亲],正面
能不能也祝我专四过过过啊啊啊,正面
